"Month_2","Options_2","Chart_2","Last_2","Change_2","PriorSettle_2","Open_2","High_2","Low_2","Volume_2","Updated_2"
"OCT 20226LV2","Opt","","0.1931","-0.0012 (-0.62%)","0.1943","0.1930","0.19485","0.19135","4,632","11:09:54 CT 22 Sep 2022"
"NOV 20226LX2","Opt","","0.19155","-0.0015 (-0.78%)","0.19305","0.1908","0.19325","0.1908","541","10:54:26 CT 22 Sep 2022"
"DEC 20226LZ2","Opt","","-","-","0.19195","-","-","-","1","09:00:52 CT 22 Sep 2022"
"JAN 20236LF3","Opt","","-","-","0.1906","-","-","-","0","18:13:01 CT 21 Sep 2022"
"FEB 20236LG3","Opt","","-","-","0.18935","-","-","-","0","18:12:59 CT 21 Sep 2022"
"MAR 20236LH3","Opt","","-","-","0.18825","-","-","-","0","18:13:51 CT 21 Sep 2022"
"APR 20236LJ3","Opt","","-","-","0.18705","-","-","-","0","18:14:38 CT 21 Sep 2022"
"MAY 20236LK3","Opt","","-","-","0.1860","-","-","-","0","18:14:36 CT 21 Sep 2022"
"JUN 20236LM3","Opt","","-","-","0.18485","-","-","-","0","18:13:05 CT 21 Sep 2022"
"JUL 20236LN3","Opt","","-","-","0.18375","-","-","-","0","18:12:29 CT 21 Sep 2022"
"AUG 20236LQ3","Opt","","-","-","0.18265","-","-","-","0","18:14:34 CT 21 Sep 2022"
"SEP 20236LU3","Opt","","-","-","0.1816","-","-","-","0","18:14:47 CT 21 Sep 2022"
"OCT 20236LV3","Opt","","-","-","0.18065","-","-","-","0","18:12:57 CT 21 Sep 2022"
"NOV 20236LX3","Opt","","-","-","0.17975","-","-","-","0","18:12:58 CT 21 Sep 2022"
"DEC 20236LZ3","Opt","","-","-","0.1789","-","-","-","0","18:14:44 CT 21 Sep 2022"
"JAN 20246LF4","Opt","","-","-","0.1781","-","-","-","0","18:12:34 CT 21 Sep 2022"
"FEB 20246LG4","Opt","","-","-","0.17725","-","-","-","0","18:12:55 CT 21 Sep 2022"
"MAR 20246LH4","Opt","","-","-","0.17645","-","-","-","0","18:13:13 CT 21 Sep 2022"
"APR 20246LJ4","Opt","","-","-","0.1757","-","-","-","0","18:13:27 CT 21 Sep 2022"
"MAY 20246LK4","Opt","","-","-","0.17485","-","-","-","0","18:13:01 CT 21 Sep 2022"
"JUN 20246LM4","Opt","","-","-","0.17405","-","-","-","0","18:12:47 CT 21 Sep 2022"
"JUL 20246LN4","Opt","","-","-","0.1733","-","-","-","0","18:12:39 CT 21 Sep 2022"
"AUG 20246LQ4","Opt","","-","-","0.17245","-","-","-","0","18:13:25 CT 21 Sep 2022"
"SEP 20246LU4","Opt","","-","-","0.1717","-","-","-","0","18:14:12 CT 21 Sep 2022"
"OCT 20246LV4","Opt","","-","-","0.17095","-","-","-","0","18:13:42 CT 21 Sep 2022"
"NOV 20246LX4","Opt","","-","-","0.17015","-","-","-","0","18:13:16 CT 21 Sep 2022"
"DEC 20246LZ4","Opt","","-","-","0.16945","-","-","-","0","18:12:53 CT 21 Sep 2022"
"JAN 20256LF5","Opt","","-","-","0.16865","-","-","-","0","18:14:38 CT 21 Sep 2022"
"FEB 20256LG5","Opt","","-","-","0.1679","-","-","-","0","18:12:41 CT 21 Sep 2022"
"MAR 20256LH5","Opt","","-","-","0.16725","-","-","-","0","18:13:16 CT 21 Sep 2022"
"APR 20256LJ5","Opt","","-","-","0.1665","-","-","-","0","18:13:00 CT 21 Sep 2022"
"MAY 20256LK5","Opt","","-","-","0.1658","-","-","-","0","18:13:01 CT 21 Sep 2022"
"JUN 20256LM5","Opt","","-","-","0.1651","-","-","-","0","18:13:21 CT 21 Sep 2022"
"JUL 20256LN5","Opt","","-","-","0.16435","-","-","-","0","18:12:41 CT 21 Sep 2022"
"AUG 20256LQ5","Opt","","-","-","0.16365","-","-","-","0","18:12:29 CT 21 Sep 2022"
"SEP 20256LU5","Opt","","-","-","0.1630","-","-","-","0","18:14:18 CT 21 Sep 2022"
"OCT 20256LV5","Opt","","-","-","0.16225","-","-","-","0","18:14:31 CT 21 Sep 2022"
"NOV 20256LX5","Opt","","-","-","0.16155","-","-","-","0","18:14:26 CT 21 Sep 2022"
"DEC 20256LZ5","Opt","","-","-","0.16095","-","-","-","0","18:13:53 CT 21 Sep 2022"
"JAN 20266LF6","Opt","","-","-","0.1602","-","-","-","0","18:12:35 CT 21 Sep 2022"
"FEB 20266LG6","Opt","","-","-","0.15955","-","-","-","0","18:13:47 CT 21 Sep 2022"
"MAR 20266LH6","Opt","","-","-","0.15895","-","-","-","0","18:12:50 CT 21 Sep 2022"
"APR 20266LJ6","Opt","","-","-","0.15825","-","-","-","0","18:13:46 CT 21 Sep 2022"
"MAY 20266LK6","Opt","","-","-","0.15765","-","-","-","0","18:14:05 CT 21 Sep 2022"
"JUN 20266LM6","Opt","","-","-","0.1570","-","-","-","0","18:12:32 CT 21 Sep 2022"
"JUL 20266LN6","Opt","","-","-","0.15635","-","-","-","0","18:14:42 CT 21 Sep 2022"
"AUG 20266LQ6","Opt","","-","-","0.1557","-","-","-","0","18:13:23 CT 21 Sep 2022"
"SEP 20266LU6","Opt","","-","-","0.15505","-","-","-","0","18:13:38 CT 21 Sep 2022"
"OCT 20266LV6","Opt","","-","-","0.15445","-","-","-","0","18:13:03 CT 21 Sep 2022"
"NOV 20266LX6","Opt","","-","-","0.15385","-","-","-","0","18:14:11 CT 21 Sep 2022"
"DEC 20266LZ6","Opt","","-","-","0.1532","-","-","-","0","18:13:23 CT 21 Sep 2022"
"JAN 20276LF7","Opt","","-","-","0.1526","-","-","-","0","18:13:03 CT 21 Sep 2022"
"FEB 20276LG7","Opt","","-","-","0.1520","-","-","-","0","18:13:42 CT 21 Sep 2022"
"MAR 20276LH7","Opt","","-","-","0.15145","-","-","-","0","18:13:14 CT 21 Sep 2022"
"APR 20276LJ7","Opt","","-","-","0.1508","-","-","-","0","18:13:26 CT 21 Sep 2022"
"MAY 20276LK7","Opt","","-","-","0.15025","-","-","-","0","18:14:07 CT 21 Sep 2022"
"JUN 20276LM7","Opt","","-","-","0.1497","-","-","-","0","18:14:41 CT 21 Sep 2022"
"JUL 20276LN7","Opt","","-","-","0.14905","-","-","-","0","18:12:57 CT 21 Sep 2022"
"AUG 20276LQ7","Opt","","-","-","0.1485","-","-","-","0","18:14:49 CT 21 Sep 2022"
"SEP 20276LU7","Opt","","-","-","0.1479","-","-","-","0","18:13:38 CT 21 Sep 2022"
"OCT 20276LV7","Opt","","-","-","0.0000","-","-","-","0","18:12:33 CT 21 Sep 2022"